Movie Title,YouTube Link
Ella McCay,https://www.youtube.com/watch?v=vRE6Iobir8k
Send Help,https://www.youtube.com/watch?v=R4wiXj9NmEE
Springsteen: Deliver Me From Nowhere,https://www.youtube.com/watch?v=ylvia3aATes
Psycho Killer,https://www.youtube.com/watch?v=pwq8gwdVxts
Predator: Badlands,https://www.youtube.com/watch?v=43R9l7EkJwE
The Amateur,https://www.youtube.com/watch?v=DCWcK4c-F8Q
Alien: Romulus,https://www.youtube.com/watch?v=OzY2r2JXsDM
The First Omen,https://www.youtube.com/watch?v=lmN1Op8ygno
Kingdom of the Planet of the Apes,https://www.youtube.com/watch?v=XtFI7SNtVpY
The Abyss,https://www.youtube.com/watch?v=7cCVYAcIIAo
Quiz Lady,https://www.youtube.com/watch?v=4OzaexEqDa8
No One Will Save You,https://www.youtube.com/watch?v=IcA02w6rm44
Vacation Friends 2,https://www.youtube.com/watch?v=lMUu-ag9ofk
A Haunting In Venice,https://www.youtube.com/watch?v=yEddsSwweyE
The Creator,https://www.youtube.com/watch?v=ex3C1-5Dhb8
White Men Can’t Jump,https://www.youtube.com/watch?v=noxvcFVmG4E
The Boogeyman,https://www.youtube.com/watch?v=cFqCmIU0-_M
Boston Strangler,https://www.youtube.com/watch?v=N_yfmHCkSB0
Titanic 25th Anniversary,https://www.youtube.com/watch?v=I7c1etV7D7g
Darby and the Dead,https://www.youtube.com/watch?v=B34KREZ-r0E
Justin Long's New Movie,https://www.youtube.com/watch?v=zUqIv5PvbGk
Rosaline,https://www.youtube.com/watch?v=DVMc3rUXW-A
Hellraiser,https://www.youtube.com/watch?v=oUlgwJNdu2I
BRAHMASTRA,https://www.youtube.com/watch?v=g7dTjZuwlAM
Amsterdam,https://www.youtube.com/watch?v=GLs2xxM0e78
BARBARIAN,https://www.youtube.com/watch?v=Dr89pmKrqkI
Prey,https://www.youtube.com/watch?v=wZ7LytagKlc
The Princess,https://www.youtube.com/watch?v=6kFCkfdOfMU
Official Trailer,https://www.youtube.com/watch?v=hbGXqUumtqg
No Exit,https://www.youtube.com/watch?v=GFvupyiNEz0
The Bob's Burgers Movie,https://www.youtube.com/watch?v=hldGGWN9HcI
Home Sweet Home Alone,https://www.youtube.com/watch?v=2BkVf2voCr0
"Steven Spielberg's ""West Side Story""",https://www.youtube.com/watch?v=A5GJLwWiYSg
Ron’s Gone Wrong,https://www.youtube.com/watch?v=8I8nMtzN05s
The Last Duel,https://www.youtube.com/watch?v=mgygUwPJvYk
Ron's Gone Wrong,https://www.youtube.com/watch?v=fCqGfjBSk0I
The Empty Man,https://www.youtube.com/watch?v=tk6u9X1bW30
Everybody’s Talking About Jamie,https://www.youtube.com/watch?v=CpOeZw7xdfI
Free Guy,https://www.youtube.com/watch?v=JORN2hkXLyM
Death on the Nile,https://www.youtube.com/watch?v=JM1U-Whb-P0
The King's Man,https://www.youtube.com/watch?v=5zdBG-iGfes
The New Mutants,https://www.youtube.com/watch?v=W_vJhUAOFpI
The Woman in the Window,https://www.youtube.com/watch?v=J0hTmzISOlQ
The Call of the Wild,https://www.youtube.com/watch?v=5P8R2zAhEwg
Spies in Disguise,https://www.youtube.com/watch?v=A05s7OM-8Oc
FORD v FERRARI,https://www.youtube.com/watch?v=I3h9Z89U9ZA
Underwater,https://www.youtube.com/watch?v=jCFWEzIVILc
Ad Astra,https://www.youtube.com/watch?v=nxi6rtBtBM0
The Art of Racing in the Rain,https://www.youtube.com/watch?v=Dp2ufFO4QGg
Stuber,https://www.youtube.com/watch?v=i5l6a5RiR1E
Dark Phoenix,https://www.youtube.com/watch?v=1-q8C_c-nlM
Breakthrough,https://www.youtube.com/watch?v=go1jaIRQc-o
Once Upon A Deadpool,https://www.youtube.com/watch?v=PCf03KXyzIg
Alita: Battle Angel,https://www.youtube.com/watch?v=U3D2vmWD88w
Bad Times at the El Royale,https://www.youtube.com/watch?v=y7wzBVARwaU
Widows,https://www.youtube.com/watch?v=nN2yBBSRC78
Bohemian Rhapsody,https://www.youtube.com/watch?v=mP0VHJYFOAU
The Predator,https://www.youtube.com/watch?v=WaG1KZqrLvM
The Hate U Give,https://www.youtube.com/watch?v=3MM8OkVT0hw
The Darkest Minds,https://www.youtube.com/watch?v=tN8o_E_f9FQ
"Love, Simon",https://www.youtube.com/watch?v=E0cbWdlQg_8
Red Sparrow,https://www.youtube.com/watch?v=PmUL6wMpMWw
The Post,https://www.youtube.com/watch?v=nrXlY6gzTTM
Maze Runner: The Death Cure,https://www.youtube.com/watch?v=S_9OSktlm6s
Murder on the Orient Express,https://www.youtube.com/watch?v=z68frP9Q7XA
Kingsman: The Golden Circle,https://www.youtube.com/watch?v=0fvqnGmr9S8
The Mountain Between Us,https://www.youtube.com/watch?v=3jyzGKXBOxA
Snatched,https://www.youtube.com/watch?v=QcyeYFXdHNQ
A Cure for Wellness,https://www.youtube.com/watch?v=JF1rLFCdewU
Hidden Figures,https://www.youtube.com/watch?v=5wfrDhgUMGI
Logan,https://www.youtube.com/watch?v=Div0iP65aZo
Assassin’s Creed,https://www.youtube.com/watch?v=4haJD6W136c
Rules Don’t Apply,https://www.youtube.com/watch?v=a_QiAunKtxo
Morgan,https://www.youtube.com/watch?v=rqmHSR0bFU8
Keeping Up With the Joneses,https://www.youtube.com/watch?v=nPfYXXg65qA
Miss Peregrine's Home for Peculiar Children,https://www.youtube.com/watch?v=DN1uhnnKscY
Independence Day: Resurgence,https://www.youtube.com/watch?v=RfJgT89hEME
X-Men: Apocalypse,https://www.youtube.com/watch?v=PfBVIHgQbYk
Mike and Dave Need Wedding Dates,https://www.youtube.com/watch?v=33MtR-g4Jcg
VICTOR FRANKENSTEIN,https://www.youtube.com/watch?v=xAbjuvw6PaY
Deadpool,https://www.youtube.com/watch?v=9vN6DHB6bJc
Eddie the Eagle,https://www.youtube.com/watch?v=hyzQjVUmIxk
The Other Side of the Door,https://www.youtube.com/watch?v=hhF0Uiws2oI
Alvin and the Chipmunks: The Road Chip,https://www.youtube.com/watch?v=0BwLNc1KyDQ
JOY,https://www.youtube.com/watch?v=uR-2TiQVY-k
The Revenant,https://www.youtube.com/watch?v=LoebZZ8K5N0
The Peanuts Movie,https://www.youtube.com/watch?v=T_X8yvpZg6E
The Martian,https://www.youtube.com/watch?v=ej3ioOneTy8
Victor Frankenstein,https://www.youtube.com/watch?v=7pxZxY_Siyc
Maze Runner: The Scorch Trials,https://www.youtube.com/watch?v=SDofO3P2HpE
Fantastic Four,https://www.youtube.com/watch?v=AAgnQdiZFsQ
Hitman: Agent 47,https://www.youtube.com/watch?v=k7X8fCUMMVM
Paper Towns,https://www.youtube.com/watch?v=rnjuh5dXk-g
Poltergeist,https://www.youtube.com/watch?v=pyuZQtUrVm4
Spy,https://www.youtube.com/watch?v=ltijEmlyqlg
The Longest Ride,https://www.youtube.com/watch?v=FUS_Q7FsfqU
Kingsman: The Secret Service,https://www.youtube.com/watch?v=Th_KrhqmHk8
Unfinished Business,https://www.youtube.com/watch?v=8yb9Dn2mnMg
Exodus: Gods and Kings,https://www.youtube.com/watch?v=t-8YsulfxVI
TAKEN 3,https://www.youtube.com/watch?v=JuU0M2xBasc
The Pyramid,https://www.youtube.com/watch?v=jP5QrOR4AIw
Gone Girl,https://www.youtube.com/watch?v=2-_-1nJf8Vg
Let's Be Cops,https://www.youtube.com/watch?v=ZFpm9fb9VPc
The Maze Runner,https://www.youtube.com/watch?v=64-iSYVmMVY
The Fault In Our Stars,https://www.youtube.com/watch?v=9ItBvH5J6ss
The Other Woman,https://www.youtube.com/watch?v=BlHMHLuJWbo
Son Of God,https://www.youtube.com/watch?v=-Hsl5UG9O_c
The Book Thief,https://www.youtube.com/watch?v=38K6u_z5Gug
The Counselor,https://www.youtube.com/watch?v=H-BWSrFqjMA
Percy Jackson: Sea of Monsters,https://www.youtube.com/watch?v=0JH6zvsNEDI
The Wolverine,https://www.youtube.com/watch?v=DwG56k6VGOE
The Internship,https://www.youtube.com/watch?v=G3W6IESxRKs
The Heat,https://www.youtube.com/watch?v=1O3iRdiplB0
Epic,https://www.youtube.com/watch?v=GKVO6YRJQTo
The Croods,https://www.youtube.com/watch?v=bW7zc6DWdeg
A Good Day to Die Hard,https://www.youtube.com/watch?v=GUFoll7D4h4
Parental Guidance,https://www.youtube.com/watch?v=E8TsXD79iJ0
A Good Day To Die Hard,https://www.youtube.com/watch?v=5SQ0IzY0YrY
Broken City,https://www.youtube.com/watch?v=oJWfM40Sklc
Life of Pi,https://www.youtube.com/watch?v=zoA-1gFmOIM
Taken 2,https://www.youtube.com/watch?v=U3T9PD5IGjI
Chasing Mavericks,https://www.youtube.com/watch?v=jeUk-kY6n94
Life Of Pi,https://www.youtube.com/watch?v=9A0p_SJ8eu4
Won't Back Down,https://www.youtube.com/watch?v=1a7SLGSmAsw
The Watch,https://www.youtube.com/watch?v=PhN1xnCyqR8
Abraham Lincoln: Vampire Hunter,https://www.youtube.com/watch?v=MmexgVvm4o8
This Means War,https://www.youtube.com/watch?v=iYkbJMX0d_w
The Three Stooges,https://www.youtube.com/watch?v=8o-CeYHHDrI
In Time,https://www.youtube.com/watch?v=xhYUaR5QiUs
Alvin and the Chipmunks: Chipwrecked,https://www.youtube.com/watch?v=-dOc_fqmcZo
What's Your Number?,https://www.youtube.com/watch?v=bgkxGrsX-A4
Predators,https://www.youtube.com/watch?v=uzqYqoVoU74
Machete Kills,https://www.youtube.com/watch?v=7fGKttdOWQE
Marmaduke - In Theaters June 4!,https://www.youtube.com/watch?v=AXXzwy7lDtI
Ramona and Beezus - Official Trailer (HD) - In Theaters July 23,https://www.youtube.com/watch?v=VP5FW5KA6Go
Wall Street: Money Never Sleeps,https://www.youtube.com/watch?v=HcMFA2SHES4
Knight and Day,https://www.youtube.com/watch?v=JGPl86DBNNs
Date Night,https://www.youtube.com/watch?v=aspBKFz2dBI
Avatar,https://www.youtube.com/watch?v=5PSNL1qE6VY
The Tooth Fairy,https://www.youtube.com/watch?v=JqnjK79fGSw
Jennifer's Body,https://www.youtube.com/watch?v=C8azftM5puI
What Happens In Vegas,https://www.youtube.com/watch?v=NLdkkpMrZIY
Primate,https://www.youtube.com/watch?v=wo87F-va410
Regretting You,https://www.youtube.com/watch?v=qub8lZlVlho
The Running Man,https://www.youtube.com/watch?v=KD18ddeFuyM
Roofman,https://www.youtube.com/watch?v=GXecSGmQDEI
The Naked Gun,https://www.youtube.com/watch?v=uLguU7WLreA
Smurfs,https://www.youtube.com/watch?v=s18jQqtGsMw
Mission: Impossible – The Final Reckoning,https://www.youtube.com/watch?v=fsQgc9pCyDU
Mission: Impossible III (2006),https://www.youtube.com/watch?v=4oVva0muTE8
Mission: Impossible II (2000),https://www.youtube.com/watch?v=hSPtsCQq52k
Mission: Impossible (1996),https://www.youtube.com/watch?v=L8Pbjh4EZRk
Novocaine,https://www.youtube.com/watch?v=-PyOIlJEdqA
SEPTEMBER 5,https://www.youtube.com/watch?v=Azud40CQ3IE
Sonic the Hedgehog 3,https://www.youtube.com/watch?v=LH1J1EbqCaI
Better Man,https://www.youtube.com/watch?v=KVeH5T4wxkE
Smile 2,https://www.youtube.com/watch?v=0HY6QFlBzUY
TRANSFORMERS ONE,https://www.youtube.com/watch?v=u2NuUWuwPCM
Gladiator II,https://www.youtube.com/watch?v=4rgYUipGJNo
A Quiet Place: Day One,https://www.youtube.com/watch?v=gjx-iHGXk9Q
Transformers One,https://www.youtube.com/watch?v=5a09yJU-mCI
Bob Marley: One Love - Official Trailer (2024 Movie),https://www.youtube.com/watch?v=ajw425Kuvtw
Mean Girls,https://www.youtube.com/watch?v=fFtdbEgnUOk
Killers of the Flower Moon,https://www.youtube.com/watch?v=7cx9nCHsemc
PAW Patrol: The Mighty Movie,https://www.youtube.com/watch?v=UDgjJ9XzgHk
Teenage Mutant Ninja Turtles: Mutant Mayhem,https://www.youtube.com/watch?v=IHvzw4Ibuho
Mission: Impossible – Dead Reckoning,https://www.youtube.com/watch?v=avz06PDqDbM
Transformers: Rise of the Beasts,https://www.youtube.com/watch?v=itnqEauWQZM
Scream VI,https://www.youtube.com/watch?v=h74AXqw4Opc
Titanic 25th Anniversary,https://www.youtube.com/watch?v=oHY7D7K58BM
BABYLON,https://www.youtube.com/watch?v=5muQK7CuFtY
80 FOR BRADY,https://www.youtube.com/watch?v=-UeGXB2NjR8
Dungeons & Dragons: Honor Among Thieves,https://www.youtube.com/watch?v=IiMinixSXII
Smile,https://www.youtube.com/watch?v=BcDK7lkzzsU
Paws of Fury: The Legend of Hank,https://www.youtube.com/watch?v=nkDmYBuDcnU
Laal Singh Chaddha Official Trailer,https://www.youtube.com/watch?v=6Tg5BLRmTcg
Top Gun: Maverick,https://www.youtube.com/watch?v=giXco2jaZ_4
The Lost City,https://www.youtube.com/watch?v=nfKO9rYDmE8
"Sonic the Hedgehog 2 (2022) - ""Official Trailer"" - Paramount Pictures",https://www.youtube.com/watch?v=G5kzUpWAusI
Scream,https://www.youtube.com/watch?v=beToTslH17s
jackass forever,https://www.youtube.com/watch?v=FNq-QT2Jpng
Clifford the Big Red Dog (2021) - Official Trailer - Paramount Pictures,https://www.youtube.com/watch?v=4zH5iYM4wJo
PAW Patrol: The Movie (2021) - Official Trailer - Paramount Pictures,https://www.youtube.com/watch?v=LRMTr2VZcr8
Snake Eyes Official Trailer (2021 Movie) – Henry Golding,https://www.youtube.com/watch?v=fOzewsswtGM
THE SPONGEBOB MOVIE: SPONGE ON THE RUN,https://www.youtube.com/watch?v=a2cowVH03Xo
"THE GODFATHER, CODA: THE DEATH OF MICHAEL CORLEONE",https://www.youtube.com/watch?v=zi2MK9K1hxc
LOVE AND MONSTERS,https://www.youtube.com/watch?v=-19tBHrZwOM
Blue Story (2020) – Official Trailer – Paramount Pictures,https://www.youtube.com/watch?v=9H7hy7jZII0
The Lovebirds (2020) - Official Trailer,https://www.youtube.com/watch?v=YzPq8uVgLe8
The SpongeBob Movie: Sponge on the Run (2020) - Official Trailer - Paramount Pictures,https://www.youtube.com/watch?v=HfiH_526qhY
Sonic The Hedgehog (2020) - New Official Trailer - Paramount Pictures,https://www.youtube.com/watch?v=szby7ZHLnkA
The Rhythm Section - Official Trailer (2020) - Paramount Pictures,https://www.youtube.com/watch?v=0Uq_5bYGYoY
Like A Boss – Official Trailer (2020) - Paramount Pictures,https://www.youtube.com/watch?v=9ESkyRFEso4
Terminator: Dark Fate - Official Trailer (2019) - Paramount Pictures,https://www.youtube.com/watch?v=oxy8udgWRmo
Gemini Man - Official Trailer 2 (2019) - Paramount Pictures,https://www.youtube.com/watch?v=6orc_lHvJKY
Top Gun: Maverick - Official Trailer (2022) - Paramount Pictures,https://www.youtube.com/watch?v=qSqVVswa420
Playing with Fire - Official Trailer - In Theatres November,https://www.youtube.com/watch?v=fd5GlZUpfaM
Dora and the Lost City of Gold (2019) - New Official Trailer - Paramount Pictures,https://www.youtube.com/watch?v=ksj69JaBrAo
Crawl (2019) – Official Trailer – Paramount Pictures,https://www.youtube.com/watch?v=H6MLJG0RdDE
Gemini Man (2019) - Official Trailer - Paramount Pictures,https://www.youtube.com/watch?v=AbyJignbSj0
Dora and the Lost City of Gold - Official Trailer - Paramount Pictures,https://www.youtube.com/watch?v=gUTtJjV852c
Rocketman (2019) - Official Trailer - Paramount Pictures,https://www.youtube.com/watch?v=S3vO8E2e6G0
Wonder Park (2019) - Official Trailer - Paramount Pictures,https://www.youtube.com/watch?v=VML6rQWssSk
Pet Sematary (2019)- Official Trailer- Paramount Pictures,https://www.youtube.com/watch?v=VllcgXSIJkE
Bumblebee (2018) - New Official Trailer - Paramount Pictures,https://www.youtube.com/watch?v=lcwmDAYt22k
Instant Family (2018) - Official Trailer - Paramount Pictures,https://www.youtube.com/watch?v=IUfZq3DUd3Y
What Men Want (2019) - Official Trailer - Paramount Pictures,https://www.youtube.com/watch?v=HeoLiTirRp4
OVERLORD (2018)- Official Trailer - Paramount Pictures,https://www.youtube.com/watch?v=USPd0vX2sdc
Nobody's Fool (2018) - Official Trailer - Paramount Pictures,https://www.youtube.com/watch?v=MsFbMw9LO5M
Mission: Impossible - Fallout (2018) - Official Trailer - Paramount Pictures,https://www.youtube.com/watch?v=XiHiW4N7-bo
Action Point (2018) - Official Trailer - Paramount Pictures,https://www.youtube.com/watch?v=ri1Cc3Yz09U
Book Club (2018) - Official Trailer - Paramount Pictures,https://www.youtube.com/watch?v=LDxgPIsv6sY
A Quiet Place (2018) - Official Trailer - Paramount Pictures,https://www.youtube.com/watch?v=WR7cc5t7tv8
Mission: Impossible - Fallout (2018),https://www.youtube.com/watch?v=wb49-oV0F78
Annihilation (2018) - Official Trailer - Paramount Pictures,https://www.youtube.com/watch?v=89OP78l9oF0
Downsizing (2017) - Official Trailer #2 - Paramount Pictures,https://www.youtube.com/watch?v=_POpCkJToEQ
Downsizing (2017) - Official Trailer - Paramount Pictures,https://www.youtube.com/watch?v=UCrBICYM0yM
Daddy's Home 2 (2017) - New Official Trailer #2 - Paramount Pictures,https://www.youtube.com/watch?v=hTKMUn87SxA
mother! movie (2017) - official trailer - paramount pictures,https://www.youtube.com/watch?v=XpICoc65uh0
Suburbicon (2017) - Official Trailer - Paramount Pictures,https://www.youtube.com/watch?v=IYga2m0V2O0
Daddy's Home 2 (2017) - Official Trailer - Paramount Pictures,https://www.youtube.com/watch?v=huaGQdrkrK0
An Inconvenient Sequel: Truth To Power (2017) - Official Trailer - Paramount Pictures,https://www.youtube.com/watch?v=huX1bmfdkyA
Baywatch (2017) - Official Trailer - Paramount Pictures,https://www.youtube.com/watch?v=eyKOgnaf0BU
Ghost In The Shell (2017) - Official Trailer - Paramount Pictures,https://www.youtube.com/watch?v=tRkb1X9ovI4
Silence Official Trailer (2016) - Paramount Pictures,https://www.youtube.com/watch?v=IqrgxZLd_gE
Ghost in the Shell Trailer (2017) Official Trailer - Paramount Pictures,https://www.youtube.com/watch?v=vctm5VD7qKQ
Allied Official Trailer (2016) - Paramount Pictures,https://www.youtube.com/watch?v=0f1_fbdB6RQ
Everybody Wants Some!! (2016) - Official Trailer - Paramount Pictures,https://www.youtube.com/watch?v=WyuCY_UT7KY
Crash Test Official Trailer,https://www.youtube.com/watch?v=PYVu5_HmZqA
13 Hours: The Secret Soldiers of Benghazi - Official Trailer,https://www.youtube.com/watch?v=4CJBuUwd0Os
Daddy's Home Movie - Official Trailer,https://www.youtube.com/watch?v=arhMMJx7tCU
Project Almanac Movie - Official Trailer,https://www.youtube.com/watch?v=TGuLpPldJZA
Selma Movie - Official Trailer,https://www.youtube.com/watch?v=kPgs2zshD9Y
The Gambler Movie - Official Trailer,https://www.youtube.com/watch?v=n1GfDHLY0YY
Noah Movie Official Trailer 2 - Emma Watson Intro,https://www.youtube.com/watch?v=iYSwdh-GznY
Hotwives of Orlando Official Trailer,https://www.youtube.com/watch?v=Uiw2v6YL4-Y
Noah Movie Official Trailer,https://www.youtube.com/watch?v=UAfJulXFYlc
Labor Day Movie Official Trailer,https://www.youtube.com/watch?v=eDAm-qRpkHI
The Wolf of Wall Street Official Trailer #2,https://www.youtube.com/watch?v=Slj4-Sv-YNA
Jack Ryan: Shadow Recruit - Official Trailer,https://www.youtube.com/watch?v=S8EaxDvZt4w
Nebraska Movie Official Trailer,https://www.youtube.com/watch?v=YvW_DmfKfSk
Jackass Presents: Bad Grandpa - Official Trailer,https://www.youtube.com/watch?v=_MSrAwfagG4
The Wolf of Wall Street Official Trailer,https://www.youtube.com/watch?v=iszwuX1AK6A
Star Trek Into Darkness Official Trailer 2,https://www.youtube.com/watch?v=RJ1qOs7jkIQ
Jack Reacher Official Trailer,https://www.youtube.com/watch?v=r4nmz02hrp8
Guilt Trip Official Trailer,https://www.youtube.com/watch?v=YlzykvWVJ9A
FLIGHT Official Trailer: Own it TODAY!,https://www.youtube.com/watch?v=-nI6vlSRacI
Cirque du Soleil: Worlds Away 3D Movie Official Trailer,https://www.youtube.com/watch?v=3QrN3lMHxVg
Fun Size Movie Official Trailer,https://www.youtube.com/watch?v=8eFSDTBqvIU
Flight Movie Official Trailer,https://www.youtube.com/watch?v=WmjawuFvDu4
Burning Love Official Trailer,https://www.youtube.com/watch?v=gx03b48L_5k
The Loved Ones Official Trailer,https://www.youtube.com/watch?v=Xci4h83W3jY
"Jeff, Who Lives At Home- Official Trailer",https://www.youtube.com/watch?v=yA1w_eX0XsY
The Devil Inside- Official Trailer,https://www.youtube.com/watch?v=MVpcszlYT7s
Mission: Impossible - Ghost Protocol (2011),https://www.youtube.com/watch?v=m31C9DofmSo
